{
	"groups" : 	{
		"speakers" : 		{
			"lowerLeft" : [ 1, 3, 5, 7 ],
			"lowerRight" : [ 2, 4, 6, 8 ],
			"upperLeft" : [ 9, 11, 13, 15 ],
			"upperRight" : [ 10, 12, 14, 16 ],
			"allLeft" : [ 1, 3, 5, 7, 9, 11, 13, 15, 18, 19, 20 ],
			"allRight" : [ 2, 4, 6, 8, 10, 12, 14, 16, 22, 23, 24 ],
			"allSub" : [ 29, 30 ]
		}
,
		"faders" : 		{
			"stereoPairs" : [ 0, 1, 2, 3, 4, 5, 6, 7, 8, 9, 10, 11, 12, 13, 14, 15 ],
			"compassPoint" : [ 16, 17, 18, 19, 20, 21, 22, 23 ]
		}

	}
,
	"io" : 	{
		"size" : [ 48, 48 ]
	}
,
	"midi" : 	{
		"MCU" : 		{
			"devices" : [ "MCU Pro USB v3.1 Port 1", "MCU Pro USB v3.1 Port 2", "MCU Pro USB v3.1 Port 3", "MCU Pro USB v3.1 Port 4" ]
		}
,
		"ultraPiolot" : 		{
			"devices" : [ "MIDISPORT 4x4 Port A" ]
		}

	}

}
